{
  "project_info": {
    "project_number": "162810620462",
    "firebase_url": "https://fbpracticeatandroid.firebaseio.com",
    "project_id": "fbpracticeatandroid",
    "storage_bucket": "fbpracticeatandroid.appspot.com"
  },
  "client": [
    {
      "client_info": {
        "mobilesdk_app_id": "1:162810620462:android:8c7bf6be570bfe1b340dbf",
        "android_client_info": {
          "package_name": "com.example.fbpractice"
        }
      },
      "oauth_client": [
        {
          "client_id": "162810620462-mpnukj739t1i8f0142dn3n41kpo96tjp.apps.googleusercontent.com",
          "client_type": 3
        }
      ],
      "api_key": [
        {
          "current_key": "AIzaSyCiJ9wtSjVHEanZvV8uCnasbyc9-akcKkk"
        }
      ],
      "services": {
        "appinvite_service": {
          "other_platform_oauth_client": [
            {
              "client_id": "162810620462-mpnukj739t1i8f0142dn3n41kpo96tjp.apps.googleusercontent.com",
              "client_type": 3
            }
          ]
        }
      }
    }
  ],
  "configuration_version": "1"
}